{
    "results": {
        "Logistic Regression": {
            "F1-Score": [
                66.66666666666666,
                86.95652173913044,
                77.77777777777779,
                78.26086956521739,
                88.0
            ],
            "Recall": [
                53.333333333333336,
                83.33333333333334,
                70.0,
                64.28571428571429,
                84.61538461538461
            ],
            "Precision": [
                88.88888888888889,
                90.9090909090909,
                87.5,
                100.0,
                91.66666666666666
            ],
            "Accuracy": [
                97.06959706959707,
                98.9010989010989,
                98.52941176470588,
                98.16176470588235,
                98.89705882352942
            ]
        },
        "SVM": {
            "F1-Score": [
                100.0,
                81.48148148148148,
                84.21052631578947,
                76.92307692307693,
                88.0
            ],
            "Recall": [
                100.0,
                91.66666666666666,
                80.0,
                71.42857142857143,
                84.61538461538461
            ],
            "Precision": [
                100.0,
                73.33333333333333,
                88.88888888888889,
                83.33333333333334,
                91.66666666666666
            ],
            "Accuracy": [
                100.0,
                98.16849816849816,
                98.89705882352942,
                97.79411764705883,
                98.89705882352942
            ]
        },
        "KNN": {
            "F1-Score": [
                80.0,
                76.19047619047619,
                70.58823529411765,
                80.0,
                91.66666666666666
            ],
            "Recall": [
                66.66666666666666,
                66.66666666666666,
                60.0,
                71.42857142857143,
                84.61538461538461
            ],
            "Precision": [
                100.0,
                88.88888888888889,
                85.71428571428571,
                90.9090909090909,
                100.0
            ],
            "Accuracy": [
                98.16849816849816,
                98.16849816849816,
                98.16176470588235,
                98.16176470588235,
                99.26470588235294
            ]
        },
        "Random Forest": {
            "F1-Score": [
                63.63636363636363,
                81.81818181818183,
                84.21052631578947,
                78.26086956521739,
                78.26086956521739
            ],
            "Recall": [
                46.666666666666664,
                75.0,
                80.0,
                64.28571428571429,
                69.23076923076923
            ],
            "Precision": [
                100.0,
                90.0,
                88.88888888888889,
                100.0,
                90.0
            ],
            "Accuracy": [
                97.06959706959707,
                98.53479853479854,
                98.89705882352942,
                98.16176470588235,
                98.16176470588235
            ]
        },
        "Gradient Boosting": {
            "F1-Score": [
                75.0,
                81.81818181818183,
                66.66666666666666,
                80.0,
                81.81818181818183
            ],
            "Recall": [
                60.0,
                75.0,
                60.0,
                71.42857142857143,
                69.23076923076923
            ],
            "Precision": [
                100.0,
                90.0,
                75.0,
                90.9090909090909,
                100.0
            ],
            "Accuracy": [
                97.8021978021978,
                98.53479853479854,
                97.79411764705883,
                98.16176470588235,
                98.52941176470588
            ]
        }
    },
    "best_param_counts": {
        "Logistic Regression": {
            "C": {
                "10": 5
            },
            "class_weight": {
                "null": 5
            },
            "penalty": {
                "l1": 5
            },
            "solver": {
                "liblinear": 5
            }
        },
        "SVM": {
            "C": {
                "0.01": 5
            },
            "class_weight": {
                "balanced": 5
            },
            "degree": {
                "2": 5
            },
            "gamma": {
                "scale": 5
            },
            "kernel": {
                "linear": 5
            }
        },
        "KNN": {
            "algorithm": {
                "auto": 5
            },
            "leaf_size": {
                "20": 5
            },
            "n_neighbors": {
                "3": 5
            },
            "weights": {
                "uniform": 5
            }
        },
        "Random Forest": {
            "max_depth": {
                "null": 5
            },
            "min_samples_split": {
                "2": 5
            },
            "n_estimators": {
                "200": 5
            }
        },
        "Gradient Boosting": {
            "learning_rate": {
                "0.1": 5
            },
            "loss": {
                "exponential": 5
            },
            "max_depth": {
                "5": 5
            },
            "min_samples_split": {
                "2": 5
            },
            "n_estimators": {
                "50": 5
            }
        }
    }
}