{
    "results": {
        "Logistic Regression": {
            "F1-Score": [
                88.0,
                86.66666666666667,
                90.0,
                85.71428571428571,
                69.23076923076923
            ],
            "Recall": [
                84.61538461538461,
                81.25,
                100.0,
                75.0,
                64.28571428571429
            ],
            "Precision": [
                91.66666666666666,
                92.85714285714286,
                81.81818181818183,
                100.0,
                75.0
            ],
            "Accuracy": [
                98.9010989010989,
                98.53479853479854,
                99.26470588235294,
                98.89705882352942,
                97.05882352941177
            ]
        },
        "SVM": {
            "F1-Score": [
                88.88888888888889,
                82.75862068965517,
                90.0,
                88.0,
                75.0
            ],
            "Recall": [
                92.3076923076923,
                75.0,
                100.0,
                91.66666666666666,
                64.28571428571429
            ],
            "Precision": [
                85.71428571428571,
                92.3076923076923,
                81.81818181818183,
                84.61538461538461,
                90.0
            ],
            "Accuracy": [
                98.9010989010989,
                98.16849816849816,
                99.26470588235294,
                98.89705882352942,
                97.79411764705883
            ]
        },
        "KNN": {
            "F1-Score": [
                83.33333333333334,
                69.23076923076923,
                85.71428571428571,
                90.9090909090909,
                66.66666666666666
            ],
            "Recall": [
                76.92307692307693,
                56.25,
                100.0,
                83.33333333333334,
                50.0
            ],
            "Precision": [
                90.9090909090909,
                90.0,
                75.0,
                100.0,
                100.0
            ],
            "Accuracy": [
                98.53479853479854,
                97.06959706959707,
                98.89705882352942,
                99.26470588235294,
                97.42647058823529
            ]
        },
        "Random Forest": {
            "F1-Score": [
                88.0,
                78.57142857142857,
                84.21052631578947,
                73.68421052631578,
                66.66666666666666
            ],
            "Recall": [
                84.61538461538461,
                68.75,
                88.88888888888889,
                58.333333333333336,
                50.0
            ],
            "Precision": [
                91.66666666666666,
                91.66666666666666,
                80.0,
                100.0,
                100.0
            ],
            "Accuracy": [
                98.9010989010989,
                97.8021978021978,
                98.89705882352942,
                98.16176470588235,
                97.42647058823529
            ]
        },
        "Gradient Boosting": {
            "F1-Score": [
                83.33333333333334,
                76.92307692307693,
                84.21052631578947,
                90.9090909090909,
                66.66666666666666
            ],
            "Recall": [
                76.92307692307693,
                62.5,
                88.88888888888889,
                83.33333333333334,
                50.0
            ],
            "Precision": [
                90.9090909090909,
                100.0,
                80.0,
                100.0,
                100.0
            ],
            "Accuracy": [
                98.53479853479854,
                97.8021978021978,
                98.89705882352942,
                99.26470588235294,
                97.42647058823529
            ]
        }
    },
    "best_param_counts": {
        "Logistic Regression": {
            "C": {
                "100": 2,
                "10": 2,
                "0.1": 1
            },
            "class_weight": {
                "null": 4,
                "balanced": 1
            },
            "penalty": {
                "l1": 3,
                "l2": 2
            },
            "solver": {
                "liblinear": 5
            }
        },
        "SVM": {
            "C": {
                "0.01": 4,
                "10": 1
            },
            "class_weight": {
                "balanced": 4,
                "null": 1
            },
            "degree": {
                "2": 5
            },
            "gamma": {
                "scale": 5
            },
            "kernel": {
                "linear": 4,
                "rbf": 1
            }
        },
        "KNN": {
            "algorithm": {
                "auto": 5
            },
            "leaf_size": {
                "20": 5
            },
            "n_neighbors": {
                "3": 3,
                "5": 2
            },
            "weights": {
                "distance": 1,
                "uniform": 4
            }
        },
        "Random Forest": {
            "max_depth": {
                "null": 2,
                "10": 2,
                "20": 1
            },
            "min_samples_split": {
                "2": 5
            },
            "n_estimators": {
                "200": 3,
                "100": 1,
                "50": 1
            }
        },
        "Gradient Boosting": {
            "learning_rate": {
                "0.2": 2,
                "0.1": 3
            },
            "loss": {
                "exponential": 5
            },
            "max_depth": {
                "5": 2,
                "4": 1,
                "3": 2
            },
            "min_samples_split": {
                "10": 2,
                "2": 2,
                "5": 1
            },
            "n_estimators": {
                "50": 2,
                "200": 2,
                "100": 1
            }
        }
    }
}