{
    "results": {
        "SVM": {
            "F1-Score": [
                85.71428571428571,
                100.0,
                62.5,
                90.9090909090909,
                84.21052631578947,
                100.0,
                87.5,
                76.92307692307693,
                93.33333333333333,
                80.0
            ],
            "Recall": [
                100.0,
                100.0,
                71.42857142857143,
                100.0,
                88.88888888888889,
                100.0,
                77.77777777777779,
                83.33333333333334,
                87.5,
                66.66666666666666
            ],
            "Precision": [
                75.0,
                100.0,
                55.55555555555556,
                83.33333333333334,
                80.0,
                100.0,
                100.0,
                71.42857142857143,
                100.0,
                100.0
            ],
            "Accuracy": [
                99.27007299270073,
                100.0,
                95.58823529411765,
                99.26470588235294,
                97.79411764705883,
                100.0,
                98.52941176470588,
                97.79411764705883,
                99.26470588235294,
                98.52941176470588
            ]
        }
    },
    "best_param_counts": {
        "SVM": {
            "C": {
                "0.01": 10
            },
            "class_weight": {
                "balanced": 10
            },
            "degree": {
                "2": 10
            },
            "gamma": {
                "scale": 10
            },
            "kernel": {
                "linear": 10
            }
        }
    }
}